image,price,deal,title,location
//g-search1.alicdn.com/img/bao/uploaded/i4/imgextra/i3/341520105/O1CN01T2lUX71Ce8B7UOL3F_!!0-saturn_solar.jpg,2488.0,359,,广东 深圳
//g-search3.alicdn.com/img/bao/uploaded/i4/i1/2201811578450/O1CN012MxMtT2CI9LPIDh7w_!!0-item_pic.jpg,298.0,7000+, iPad,广东 深圳
//g-search2.alicdn.com/img/bao/uploaded/i4/i2/2200784971113/O1CN01P2WZ3d1K5nPXomlyu_!!0-item_pic.jpg,298.0,2.5万+, ipad,广东 深圳
//g-search3.alicdn.com/img/bao/uploaded/i4/i4/1917047079/O1CN0173MkIc22AEL1yuat8_!!2-item_pic.png,6229.0,, iPad,上海
//g-search2.alicdn.com/img/bao/uploaded/i4/i4/1917047079/O1CN01VAYJpZ22AEJuJRCQv_!!0-item_pic.jpg,3896.0,, iPad,上海
//g-search1.alicdn.com/img/bao/uploaded/i4/i3/858042828/O1CN01qcmV8S1WlGf73vAst_!!0-item_pic.jpg,3299.0,3687, ipad,北京
//g-search3.alicdn.com/img/bao/uploaded/i4/i1/1115488308/O1CN0128F2eG2BF76bzAvpd_!!0-item_pic.jpg,2458.0,517, iPad iPad ipad iPad ipad,浙江 杭州
//g-search3.alicdn.com/img/bao/uploaded/i4/i1/197232874/O1CN01RtQleT1X6KsoXSZa3_!!0-item_pic.jpg,3139.0,844, iPad iPad,浙江 杭州
//g-search3.alicdn.com/img/bao/uploaded/i4/i2/858042828/O1CN014OajK51WlGfLKQqcF_!!0-item_pic.jpg,2399.01,1469, ipad,北京
//g-search3.alicdn.com/img/bao/uploaded/i4/i2/2711014365/O1CN01m0aof71i7DQ0q1mnL_!!0-item_pic.jpg,3299.0,1162, ipad,广东 深圳
//g-search1.alicdn.com/img/bao/uploaded/i4/i3/1683498550/O1CN010XQxHr2D1wwnhVxkp_!!0-item_pic.jpg,2299.0,1301, ipad,广东 深圳
//g-search3.alicdn.com/img/bao/uploaded/i4/i1/385131841/O1CN01Q8FoWb1PTDkUxFoXi_!!0-item_pic.jpg,3299.0,1443, ipad,广东 广州
//g-search3.alicdn.com/img/bao/uploaded/i4/i1/3461286402/O1CN01RrEt3u1xAACCRXyt1_!!0-item_pic.jpg,3299.0,1028, ipad,广东 广州
//g-search3.alicdn.com/img/bao/uploaded/i4/i1/385131841/O1CN01gfNxH21PTDkU1MJoO_!!0-item_pic.jpg,1799.0,394, ipad,广东 广州
//g-search3.alicdn.com/img/bao/uploaded/i4/i4/3394933058/O1CN01wVmVyO1YSbl9U6NdR_!!0-item_pic.jpg,2499.0,374, ipad,广东 深圳
//g-search1.alicdn.com/img/bao/uploaded/i4/i4/2202421911399/O1CN01tUMRJm1MCmgafqp06_!!2-item_pic.png,2499.0,1435, iPad ipad ipad,上海
//g-search2.alicdn.com/img/bao/uploaded/i4/i4/3461286402/O1CN01y8xp7u1xAACOG4z6O_!!0-item_pic.jpg,2299.0,444, ipad,广东 广州
//g-search2.alicdn.com/img/bao/uploaded/i4/i4/97045700/O1CN016RgifV1rye9mqj6CZ_!!97045700.jpg,2168.0,4624, iPad iPad iPad,广东 深圳
//g-search3.alicdn.com/img/bao/uploaded/i4/i1/2200719164073/O1CN01t6cCGF1fxTlePOmD2_!!0-item_pic.jpg,7699.0,168, iPad,浙江 杭州
//g-search3.alicdn.com/img/bao/uploaded/i4/i1/1669409267/O1CN01K4146j2IKKvrx6cfi_!!0-item_pic.jpg,6429.0,537, iPad,浙江 杭州
//g-search3.alicdn.com/img/bao/uploaded/i4/i2/3120180028/O1CN01vSJyxC1C4rg55z0R7_!!3120180028.png,2450.0,152, iPad,广东 深圳
//g-search3.alicdn.com/img/bao/uploaded/i4/i4/3102539084/O1CN013LmH5K2GyWS98mHv6_!!0-item_pic.jpg,2299.0,375, ipad,江苏 南京
//g-search3.alicdn.com/img/bao/uploaded/i4/i2/21681732/O1CN01rzNhEl1OfIZp3L7TT_!!21681732.jpg,5268.0,378, iPad,北京
//g-search3.alicdn.com/img/bao/uploaded/i4/i1/3718743885/O1CN0177SXtL1eZNIuBusKc_!!0-item_pic.jpg,2399.0,349, ipad,江苏 苏州
//g-search3.alicdn.com/img/bao/uploaded/i4/i1/3015936477/O1CN01EOicQD1xiVuPAV0rS_!!0-item_pic.jpg,1329.0,1678, iPad,浙江 杭州
//g-search2.alicdn.com/img/bao/uploaded/i4/i1/100340983/O1CN01rTnsjy1J8FvNoE3cU_!!100340983.jpg,4618.0,244, iPad,广东 深圳
//g-search3.alicdn.com/img/bao/uploaded/i4/i3/2711014365/O1CN01PAMyIj1i7DPy6LbgG_!!0-item_pic.jpg,2499.0,307, ipad,广东 深圳
//g-search2.alicdn.com/img/bao/uploaded/i4/i3/713805254/O1CN01HVr6LC1ogNVzOJk57_!!0-item_pic.jpg,2699.0,5, iPad ipad,北京
//g-search2.alicdn.com/img/bao/uploaded/i4/i3/3261336459/O1CN011H5Kp11xaGmMr5Z1I_!!0-item_pic.jpg,1329.0,1797, ipad,广东 广州
//g-search2.alicdn.com/img/bao/uploaded/i4/i2/97045700/O1CN01PJIBJI1ryeA74LLYc_!!97045700.jpg,3468.0,1346, iPad iPad,广东 深圳
//g-search3.alicdn.com/img/bao/uploaded/i4/i4/1669409267/O1CNA1zqNX9o100bdc8e279f0b1b17e1000f_!!1669409267-0-picassodesign.jpg,2499.0,2308, iPad ipad ipad,浙江 杭州
//g-search3.alicdn.com/img/bao/uploaded/i4/i1/2258958427/O1CN01XGciXO2C7cEnuYn7D_!!0-item_pic.jpg,2299.0,214, ipad,广东 深圳
//g-search3.alicdn.com/img/bao/uploaded/i4/i3/2200724907121/O1CN01jeTzit22TSyYKUl76_!!0-item_pic.jpg,6229.0,44, iPad,广东 深圳
//g-search2.alicdn.com/img/bao/uploaded/i4/i2/684987812/O1CN01Gzb2xu27Zwdqol92z_!!684987812.jpg,2200.0,1023, iPad iPad iPad,广东 深圳
//g-search1.alicdn.com/img/bao/uploaded/i4/i3/833018678/O1CN018iJWAr2DyZeIEpndy_!!833018678.png,5976.0,251, iPad,上海
//g-search1.alicdn.com/img/bao/uploaded/i4/i4/3629632695/O1CN01keTQdu1VmLz1spz9V_!!2-item_pic.png,2399.0,263, ipad,上海
//g-search2.alicdn.com/img/bao/uploaded/i4/i4/100340983/O1CN01MTD4Rq1J8Fv43uggT_!!100340983.jpg,2798.0,1725, iPad ipad,广东 深圳
//g-search3.alicdn.com/img/bao/uploaded/i4/i1/3339867181/O1CN01oFL1fo22uwjzJbeST_!!3339867181-0-pixelsss.jpg,2668.0,103, iPad,江苏 无锡
//g-search3.alicdn.com/img/bao/uploaded/i4/i2/1133324805/O1CN019y6pks1lMjg5dzj7j_!!1133324805.jpg,2858.0,385, iPad iPad,北京
//g-search1.alicdn.com/img/bao/uploaded/i4/i4/2202421911399/O1CN01dSWw8b1MCmgYvFAJv_!!2-item_pic.png,3868.0,186, iPad ipad,上海
//g-search3.alicdn.com/img/bao/uploaded/i4/i4/898225/O1CN011FBmYq2Ad6ERPNLJE_!!898225.jpg,5278.0,226, iPad,北京
//g-search1.alicdn.com/img/bao/uploaded/i4/i2/2258958427/O1CN01h033Nn2C7cEmhDh26_!!0-item_pic.jpg,1799.0,84, ipad,广东 深圳
//g-search2.alicdn.com/img/bao/uploaded/i4/i1/20543624/O1CN01wnUoT41cdpvsKPoyP_!!20543624.jpg,5188.0,310, iPad,广东 深圳
//g-search3.alicdn.com/img/bao/uploaded/i4/i2/2206537351515/O1CN01XBlus81N3udBJlxnO_!!0-item_pic.jpg,1188.0,1463, ipad,广东 深圳
//g-search3.alicdn.com/img/bao/uploaded/i4/i1/1014071849/O1CN017YcBVu1PWsudcJlJn_!!0-item_pic.jpg,1188.0,509, ipad,广东 深圳
//g-search1.alicdn.com/img/bao/uploaded/i4/i2/55285307/O1CN01x5Wywz1p4eVq6V3SN_!!55285307.jpg,6010.0,146, iPad,浙江 杭州
//g-search3.alicdn.com/img/bao/uploaded/i4/i4/2206450649613/O1CN01j4Dn952Ksny3KZ0W4_!!0-item_pic.jpg,1188.0,283, ipad,广东 深圳
//g-search3.alicdn.com/img/bao/uploaded/i4/i4/1683498550/O1CN01jHpj4l2D1wxBnxbnr_!!0-item_pic.jpg,1299.0,711, ipad,广东 深圳
//g-search1.alicdn.com/img/bao/uploaded/i4/imgextra/i3/341520105/O1CN01T2lUX71Ce8B7UOL3F_!!0-saturn_solar.jpg,2488.0,359,,广东 深圳
//g-search2.alicdn.com/img/bao/uploaded/i4/i1/2201811578450/O1CN012MxMtT2CI9LPIDh7w_!!0-item_pic.jpg,298.0,7000+, iPad,广东 深圳
//g-search3.alicdn.com/img/bao/uploaded/i4/i2/2200784971113/O1CN01P2WZ3d1K5nPXomlyu_!!0-item_pic.jpg,298.0,2.5万+, ipad,广东 深圳
//g-search2.alicdn.com/img/bao/uploaded/i4/i4/1917047079/O1CN0173MkIc22AEL1yuat8_!!2-item_pic.png,6229.0,, iPad,上海
//g-search1.alicdn.com/img/bao/uploaded/i4/i4/1917047079/O1CN01VAYJpZ22AEJuJRCQv_!!0-item_pic.jpg,3896.0,, iPad,上海
//g-search1.alicdn.com/img/bao/uploaded/i4/i3/858042828/O1CN01qcmV8S1WlGf73vAst_!!0-item_pic.jpg,3299.0,3687, ipad,北京
//g-search3.alicdn.com/img/bao/uploaded/i4/i1/1115488308/O1CN0128F2eG2BF76bzAvpd_!!0-item_pic.jpg,2458.0,517, iPad iPad ipad iPad ipad,浙江 杭州
//g-search2.alicdn.com/img/bao/uploaded/i4/i1/197232874/O1CN01RtQleT1X6KsoXSZa3_!!0-item_pic.jpg,3139.0,844, iPad iPad,浙江 杭州
//g-search1.alicdn.com/img/bao/uploaded/i4/i2/858042828/O1CN014OajK51WlGfLKQqcF_!!0-item_pic.jpg,2399.01,1469, ipad,北京
//g-search3.alicdn.com/img/bao/uploaded/i4/i2/2711014365/O1CN01m0aof71i7DQ0q1mnL_!!0-item_pic.jpg,3299.0,1162, ipad,广东 深圳
//g-search2.alicdn.com/img/bao/uploaded/i4/i3/1683498550/O1CN010XQxHr2D1wwnhVxkp_!!0-item_pic.jpg,2299.0,1301, ipad,广东 深圳
//g-search3.alicdn.com/img/bao/uploaded/i4/i1/385131841/O1CN01Q8FoWb1PTDkUxFoXi_!!0-item_pic.jpg,3299.0,1443, ipad,广东 广州
//g-search3.alicdn.com/img/bao/uploaded/i4/i1/3461286402/O1CN01RrEt3u1xAACCRXyt1_!!0-item_pic.jpg,3299.0,1028, ipad,广东 广州
//g-search2.alicdn.com/img/bao/uploaded/i4/i1/385131841/O1CN01gfNxH21PTDkU1MJoO_!!0-item_pic.jpg,1799.0,394, ipad,广东 广州
//g-search3.alicdn.com/img/bao/uploaded/i4/i4/2202421911399/O1CN01tUMRJm1MCmgafqp06_!!2-item_pic.png,2499.0,1435, iPad ipad ipad,上海
//g-search2.alicdn.com/img/bao/uploaded/i4/i4/97045700/O1CN016RgifV1rye9mqj6CZ_!!97045700.jpg,2168.0,4624, iPad iPad iPad,广东 深圳
//g-search2.alicdn.com/img/bao/uploaded/i4/i1/2200719164073/O1CN01t6cCGF1fxTlePOmD2_!!0-item_pic.jpg,7699.0,168, iPad,浙江 杭州
//g-search2.alicdn.com/img/bao/uploaded/i4/i1/1669409267/O1CN01K4146j2IKKvrx6cfi_!!0-item_pic.jpg,6429.0,537, iPad,浙江 杭州
//g-search2.alicdn.com/img/bao/uploaded/i4/i4/3394933058/O1CN01wVmVyO1YSbl9U6NdR_!!0-item_pic.jpg,2499.0,374, ipad,广东 深圳
//g-search1.alicdn.com/img/bao/uploaded/i4/i4/3102539084/O1CN013LmH5K2GyWS98mHv6_!!0-item_pic.jpg,2299.0,375, ipad,江苏 南京
//g-search3.alicdn.com/img/bao/uploaded/i4/i2/21681732/O1CN01rzNhEl1OfIZp3L7TT_!!21681732.jpg,5268.0,378, iPad,北京
//g-search1.alicdn.com/img/bao/uploaded/i4/i4/3461286402/O1CN01y8xp7u1xAACOG4z6O_!!0-item_pic.jpg,2299.0,444, ipad,广东 广州
//g-search2.alicdn.com/img/bao/uploaded/i4/i1/3718743885/O1CN0177SXtL1eZNIuBusKc_!!0-item_pic.jpg,2399.0,349, ipad,江苏 苏州
//g-search1.alicdn.com/img/bao/uploaded/i4/i1/100340983/O1CN01rTnsjy1J8FvNoE3cU_!!100340983.jpg,4618.0,244, iPad,广东 深圳
//g-search3.alicdn.com/img/bao/uploaded/i4/i1/3015936477/O1CN01EOicQD1xiVuPAV0rS_!!0-item_pic.jpg,1329.0,1678, iPad,浙江 杭州
//g-search3.alicdn.com/img/bao/uploaded/i4/i2/3120180028/O1CN01vSJyxC1C4rg55z0R7_!!3120180028.png,2450.0,152, iPad,广东 深圳
//g-search3.alicdn.com/img/bao/uploaded/i4/i3/2711014365/O1CN01PAMyIj1i7DPy6LbgG_!!0-item_pic.jpg,2499.0,307, ipad,广东 深圳
//g-search1.alicdn.com/img/bao/uploaded/i4/i3/713805254/O1CN01HVr6LC1ogNVzOJk57_!!0-item_pic.jpg,2699.0,5, iPad ipad,北京
//g-search3.alicdn.com/img/bao/uploaded/i4/i3/3261336459/O1CN011H5Kp11xaGmMr5Z1I_!!0-item_pic.jpg,1329.0,1797, ipad,广东 广州
//g-search3.alicdn.com/img/bao/uploaded/i4/i4/1669409267/O1CNA1zqNX9o100bdc8e279f0b1b17e1000f_!!1669409267-0-picassodesign.jpg,2499.0,2308, iPad ipad ipad,浙江 杭州
//g-search3.alicdn.com/img/bao/uploaded/i4/i2/97045700/O1CN01PJIBJI1ryeA74LLYc_!!97045700.jpg,3468.0,1346, iPad iPad,广东 深圳
//g-search2.alicdn.com/img/bao/uploaded/i4/i1/2258958427/O1CN01XGciXO2C7cEnuYn7D_!!0-item_pic.jpg,2299.0,214, ipad,广东 深圳
//g-search3.alicdn.com/img/bao/uploaded/i4/i3/2200724907121/O1CN01jeTzit22TSyYKUl76_!!0-item_pic.jpg,6229.0,44, iPad,广东 深圳
//g-search2.alicdn.com/img/bao/uploaded/i4/i2/684987812/O1CN01Gzb2xu27Zwdqol92z_!!684987812.jpg,2200.0,1023, iPad iPad iPad,广东 深圳
//g-search2.alicdn.com/img/bao/uploaded/i4/i4/3629632695/O1CN01keTQdu1VmLz1spz9V_!!2-item_pic.png,2399.0,263, ipad,上海
//g-search3.alicdn.com/img/bao/uploaded/i4/i1/3339867181/O1CN01oFL1fo22uwjzJbeST_!!3339867181-0-pixelsss.jpg,2668.0,103, iPad,江苏 无锡
//g-search1.alicdn.com/img/bao/uploaded/i4/i4/100340983/O1CN01MTD4Rq1J8Fv43uggT_!!100340983.jpg,2798.0,1725, iPad ipad,广东 深圳
//g-search2.alicdn.com/img/bao/uploaded/i4/i3/833018678/O1CN018iJWAr2DyZeIEpndy_!!833018678.png,5976.0,251, iPad,上海
//g-search3.alicdn.com/img/bao/uploaded/i4/i2/2258958427/O1CN01h033Nn2C7cEmhDh26_!!0-item_pic.jpg,1799.0,84, ipad,广东 深圳
//g-search3.alicdn.com/img/bao/uploaded/i4/i4/2202421911399/O1CN01dSWw8b1MCmgYvFAJv_!!2-item_pic.png,3868.0,186, iPad ipad,上海
//g-search2.alicdn.com/img/bao/uploaded/i4/i4/898225/O1CN011FBmYq2Ad6ERPNLJE_!!898225.jpg,5278.0,226, iPad,北京
//g-search1.alicdn.com/img/bao/uploaded/i4/i1/20543624/O1CN01wnUoT41cdpvsKPoyP_!!20543624.jpg,5188.0,310, iPad,广东 深圳
//g-search1.alicdn.com/img/bao/uploaded/i4/i2/1133324805/O1CN019y6pks1lMjg5dzj7j_!!1133324805.jpg,2858.0,385, iPad iPad,北京
//g-search2.alicdn.com/img/bao/uploaded/i4/i2/2206537351515/O1CN01XBlus81N3udBJlxnO_!!0-item_pic.jpg,1188.0,1463, ipad,广东 深圳
//g-search1.alicdn.com/img/bao/uploaded/i4/i1/1014071849/O1CN017YcBVu1PWsudcJlJn_!!0-item_pic.jpg,1188.0,509, ipad,广东 深圳
//g-search3.alicdn.com/img/bao/uploaded/i4/i2/55285307/O1CN01x5Wywz1p4eVq6V3SN_!!55285307.jpg,6010.0,146, iPad,浙江 杭州
//g-search3.alicdn.com/img/bao/uploaded/i4/i4/2206450649613/O1CN01j4Dn952Ksny3KZ0W4_!!0-item_pic.jpg,1188.0,283, ipad,广东 深圳
//g-search1.alicdn.com/img/bao/uploaded/i4/i4/1683498550/O1CN01jHpj4l2D1wxBnxbnr_!!0-item_pic.jpg,1299.0,711, ipad,广东 深圳
//g-search1.alicdn.com/img/bao/uploaded/i4/imgextra/i3/341520105/O1CN01T2lUX71Ce8B7UOL3F_!!0-saturn_solar.jpg,2488.0,359,,广东 深圳
//g-search1.alicdn.com/img/bao/uploaded/i4/i1/2201811578450/O1CN012MxMtT2CI9LPIDh7w_!!0-item_pic.jpg,298.0,7000+, iPad,广东 深圳
//g-search1.alicdn.com/img/bao/uploaded/i4/i2/2200784971113/O1CN01P2WZ3d1K5nPXomlyu_!!0-item_pic.jpg,298.0,2.5万+, ipad,广东 深圳
//g-search3.alicdn.com/img/bao/uploaded/i4/i4/1917047079/O1CN0173MkIc22AEL1yuat8_!!2-item_pic.png,6229.0,, iPad,上海
//g-search1.alicdn.com/img/bao/uploaded/i4/i4/1917047079/O1CN01VAYJpZ22AEJuJRCQv_!!0-item_pic.jpg,3896.0,, iPad,上海
//g-search2.alicdn.com/img/bao/uploaded/i4/i3/858042828/O1CN01qcmV8S1WlGf73vAst_!!0-item_pic.jpg,3299.0,3687, ipad,北京
//g-search3.alicdn.com/img/bao/uploaded/i4/i1/1115488308/O1CN0128F2eG2BF76bzAvpd_!!0-item_pic.jpg,2458.0,517, iPad iPad ipad iPad ipad,浙江 杭州
//g-search3.alicdn.com/img/bao/uploaded/i4/i1/197232874/O1CN01RtQleT1X6KsoXSZa3_!!0-item_pic.jpg,3139.0,844, iPad iPad,浙江 杭州
//g-search3.alicdn.com/img/bao/uploaded/i4/i2/858042828/O1CN014OajK51WlGfLKQqcF_!!0-item_pic.jpg,2399.01,1469, ipad,北京
//g-search3.alicdn.com/img/bao/uploaded/i4/i2/2711014365/O1CN01m0aof71i7DQ0q1mnL_!!0-item_pic.jpg,3299.0,1162, ipad,广东 深圳
//g-search3.alicdn.com/img/bao/uploaded/i4/i3/1683498550/O1CN010XQxHr2D1wwnhVxkp_!!0-item_pic.jpg,2299.0,1301, ipad,广东 深圳
//g-search3.alicdn.com/img/bao/uploaded/i4/i1/385131841/O1CN01Q8FoWb1PTDkUxFoXi_!!0-item_pic.jpg,3299.0,1443, ipad,广东 广州
//g-search2.alicdn.com/img/bao/uploaded/i4/i1/3461286402/O1CN01RrEt3u1xAACCRXyt1_!!0-item_pic.jpg,3299.0,1028, ipad,广东 广州
//g-search3.alicdn.com/img/bao/uploaded/i4/i1/385131841/O1CN01gfNxH21PTDkU1MJoO_!!0-item_pic.jpg,1799.0,394, ipad,广东 广州
//g-search1.alicdn.com/img/bao/uploaded/i4/i4/2202421911399/O1CN01tUMRJm1MCmgafqp06_!!2-item_pic.png,2499.0,1435, iPad ipad ipad,上海
//g-search3.alicdn.com/img/bao/uploaded/i4/i4/97045700/O1CN016RgifV1rye9mqj6CZ_!!97045700.jpg,2168.0,4624, iPad iPad iPad,广东 深圳
//g-search3.alicdn.com/img/bao/uploaded/i4/i1/2200719164073/O1CN01t6cCGF1fxTlePOmD2_!!0-item_pic.jpg,7699.0,168, iPad,浙江 杭州
//g-search1.alicdn.com/img/bao/uploaded/i4/i1/1669409267/O1CN01K4146j2IKKvrx6cfi_!!0-item_pic.jpg,6429.0,537, iPad,浙江 杭州
//g-search2.alicdn.com/img/bao/uploaded/i4/i4/3394933058/O1CN01wVmVyO1YSbl9U6NdR_!!0-item_pic.jpg,2499.0,374, ipad,广东 深圳
//g-search3.alicdn.com/img/bao/uploaded/i4/i4/3102539084/O1CN013LmH5K2GyWS98mHv6_!!0-item_pic.jpg,2299.0,375, ipad,江苏 南京
//g-search3.alicdn.com/img/bao/uploaded/i4/i2/21681732/O1CN01rzNhEl1OfIZp3L7TT_!!21681732.jpg,5268.0,378, iPad,北京
//g-search2.alicdn.com/img/bao/uploaded/i4/i4/3461286402/O1CN01y8xp7u1xAACOG4z6O_!!0-item_pic.jpg,2299.0,444, ipad,广东 广州
//g-search1.alicdn.com/img/bao/uploaded/i4/i1/3718743885/O1CN0177SXtL1eZNIuBusKc_!!0-item_pic.jpg,2399.0,349, ipad,江苏 苏州
//g-search1.alicdn.com/img/bao/uploaded/i4/i1/100340983/O1CN01rTnsjy1J8FvNoE3cU_!!100340983.jpg,4618.0,244, iPad,广东 深圳
//g-search2.alicdn.com/img/bao/uploaded/i4/i1/3015936477/O1CN01EOicQD1xiVuPAV0rS_!!0-item_pic.jpg,1329.0,1678, iPad,浙江 杭州
//g-search1.alicdn.com/img/bao/uploaded/i4/i2/3120180028/O1CN01vSJyxC1C4rg55z0R7_!!3120180028.png,2450.0,152, iPad,广东 深圳
//g-search2.alicdn.com/img/bao/uploaded/i4/i3/2711014365/O1CN01PAMyIj1i7DPy6LbgG_!!0-item_pic.jpg,2499.0,307, ipad,广东 深圳
//g-search3.alicdn.com/img/bao/uploaded/i4/i3/713805254/O1CN01HVr6LC1ogNVzOJk57_!!0-item_pic.jpg,2699.0,5, iPad ipad,北京
//g-search1.alicdn.com/img/bao/uploaded/i4/i3/3261336459/O1CN011H5Kp11xaGmMr5Z1I_!!0-item_pic.jpg,1329.0,1797, ipad,广东 广州
//g-search2.alicdn.com/img/bao/uploaded/i4/i4/1669409267/O1CNA1zqNX9o100bdc8e279f0b1b17e1000f_!!1669409267-0-picassodesign.jpg,2499.0,2308, iPad ipad ipad,浙江 杭州
//g-search3.alicdn.com/img/bao/uploaded/i4/i2/97045700/O1CN01PJIBJI1ryeA74LLYc_!!97045700.jpg,3468.0,1346, iPad iPad,广东 深圳
//g-search3.alicdn.com/img/bao/uploaded/i4/i1/2258958427/O1CN01XGciXO2C7cEnuYn7D_!!0-item_pic.jpg,2299.0,214, ipad,广东 深圳
//g-search1.alicdn.com/img/bao/uploaded/i4/i3/2200724907121/O1CN01jeTzit22TSyYKUl76_!!0-item_pic.jpg,6229.0,44, iPad,广东 深圳
//g-search1.alicdn.com/img/bao/uploaded/i4/i2/684987812/O1CN01Gzb2xu27Zwdqol92z_!!684987812.jpg,2200.0,1023, iPad iPad iPad,广东 深圳
//g-search3.alicdn.com/img/bao/uploaded/i4/i4/3629632695/O1CN01keTQdu1VmLz1spz9V_!!2-item_pic.png,2399.0,263, ipad,上海
//g-search1.alicdn.com/img/bao/uploaded/i4/i1/3339867181/O1CN01oFL1fo22uwjzJbeST_!!3339867181-0-pixelsss.jpg,2668.0,103, iPad,江苏 无锡
//g-search1.alicdn.com/img/bao/uploaded/i4/i4/100340983/O1CN01MTD4Rq1J8Fv43uggT_!!100340983.jpg,2798.0,1725, iPad ipad,广东 深圳
//g-search3.alicdn.com/img/bao/uploaded/i4/i3/833018678/O1CN018iJWAr2DyZeIEpndy_!!833018678.png,5976.0,251, iPad,上海
//g-search3.alicdn.com/img/bao/uploaded/i4/i2/2258958427/O1CN01h033Nn2C7cEmhDh26_!!0-item_pic.jpg,1799.0,84, ipad,广东 深圳
//g-search2.alicdn.com/img/bao/uploaded/i4/i4/2202421911399/O1CN01dSWw8b1MCmgYvFAJv_!!2-item_pic.png,3868.0,186, iPad ipad,上海
//g-search3.alicdn.com/img/bao/uploaded/i4/i4/898225/O1CN011FBmYq2Ad6ERPNLJE_!!898225.jpg,5278.0,226, iPad,北京
//g-search3.alicdn.com/img/bao/uploaded/i4/i1/20543624/O1CN01wnUoT41cdpvsKPoyP_!!20543624.jpg,5188.0,310, iPad,广东 深圳
//g-search1.alicdn.com/img/bao/uploaded/i4/i2/1133324805/O1CN019y6pks1lMjg5dzj7j_!!1133324805.jpg,2858.0,385, iPad iPad,北京
//g-search3.alicdn.com/img/bao/uploaded/i4/i2/2206537351515/O1CN01XBlus81N3udBJlxnO_!!0-item_pic.jpg,1188.0,1463, ipad,广东 深圳
//g-search3.alicdn.com/img/bao/uploaded/i4/i1/1014071849/O1CN017YcBVu1PWsudcJlJn_!!0-item_pic.jpg,1188.0,509, ipad,广东 深圳
//g-search3.alicdn.com/img/bao/uploaded/i4/i2/55285307/O1CN01x5Wywz1p4eVq6V3SN_!!55285307.jpg,6010.0,146, iPad,浙江 杭州
//g-search3.alicdn.com/img/bao/uploaded/i4/i4/2206450649613/O1CN01j4Dn952Ksny3KZ0W4_!!0-item_pic.jpg,1188.0,283, ipad,广东 深圳
//g-search1.alicdn.com/img/bao/uploaded/i4/i4/1683498550/O1CN01jHpj4l2D1wxBnxbnr_!!0-item_pic.jpg,1299.0,711, ipad,广东 深圳
//g-search1.alicdn.com/img/bao/uploaded/i4/imgextra/i3/341520105/O1CN01T2lUX71Ce8B7UOL3F_!!0-saturn_solar.jpg,2488.0,359,,广东 深圳
//g-search1.alicdn.com/img/bao/uploaded/i4/i1/2201811578450/O1CN012MxMtT2CI9LPIDh7w_!!0-item_pic.jpg,298.0,7000+, iPad,广东 深圳
//g-search1.alicdn.com/img/bao/uploaded/i4/i2/2200784971113/O1CN01P2WZ3d1K5nPXomlyu_!!0-item_pic.jpg,298.0,2.5万+, ipad,广东 深圳
//g-search3.alicdn.com/img/bao/uploaded/i4/i4/1917047079/O1CN0173MkIc22AEL1yuat8_!!2-item_pic.png,6229.0,, iPad,上海
//g-search3.alicdn.com/img/bao/uploaded/i4/i4/1917047079/O1CN01VAYJpZ22AEJuJRCQv_!!0-item_pic.jpg,3896.0,, iPad,上海
//g-search3.alicdn.com/img/bao/uploaded/i4/i3/858042828/O1CN01qcmV8S1WlGf73vAst_!!0-item_pic.jpg,3299.0,3687, ipad,北京
//g-search3.alicdn.com/img/bao/uploaded/i4/i1/1115488308/O1CN0128F2eG2BF76bzAvpd_!!0-item_pic.jpg,2458.0,517, iPad iPad ipad iPad ipad,浙江 杭州
//g-search3.alicdn.com/img/bao/uploaded/i4/i1/197232874/O1CN01RtQleT1X6KsoXSZa3_!!0-item_pic.jpg,3139.0,844, iPad iPad,浙江 杭州
//g-search1.alicdn.com/img/bao/uploaded/i4/i2/858042828/O1CN014OajK51WlGfLKQqcF_!!0-item_pic.jpg,2399.01,1469, ipad,北京
//g-search3.alicdn.com/img/bao/uploaded/i4/i2/2711014365/O1CN01m0aof71i7DQ0q1mnL_!!0-item_pic.jpg,3299.0,1162, ipad,广东 深圳
//g-search3.alicdn.com/img/bao/uploaded/i4/i3/1683498550/O1CN010XQxHr2D1wwnhVxkp_!!0-item_pic.jpg,2299.0,1301, ipad,广东 深圳
//g-search3.alicdn.com/img/bao/uploaded/i4/i1/385131841/O1CN01Q8FoWb1PTDkUxFoXi_!!0-item_pic.jpg,3299.0,1443, ipad,广东 广州
//g-search2.alicdn.com/img/bao/uploaded/i4/i1/3461286402/O1CN01RrEt3u1xAACCRXyt1_!!0-item_pic.jpg,3299.0,1028, ipad,广东 广州
//g-search1.alicdn.com/img/bao/uploaded/i4/i1/385131841/O1CN01gfNxH21PTDkU1MJoO_!!0-item_pic.jpg,1799.0,394, ipad,广东 广州
//g-search3.alicdn.com/img/bao/uploaded/i4/i4/2202421911399/O1CN01tUMRJm1MCmgafqp06_!!2-item_pic.png,2499.0,1435, iPad ipad ipad,上海
//g-search3.alicdn.com/img/bao/uploaded/i4/i4/97045700/O1CN016RgifV1rye9mqj6CZ_!!97045700.jpg,2168.0,4624, iPad iPad iPad,广东 深圳
//g-search2.alicdn.com/img/bao/uploaded/i4/i1/2200719164073/O1CN01t6cCGF1fxTlePOmD2_!!0-item_pic.jpg,7699.0,168, iPad,浙江 杭州
//g-search3.alicdn.com/img/bao/uploaded/i4/i1/1669409267/O1CN01K4146j2IKKvrx6cfi_!!0-item_pic.jpg,6429.0,537, iPad,浙江 杭州
//g-search3.alicdn.com/img/bao/uploaded/i4/i4/3394933058/O1CN01wVmVyO1YSbl9U6NdR_!!0-item_pic.jpg,2499.0,374, ipad,广东 深圳
//g-search3.alicdn.com/img/bao/uploaded/i4/i4/3102539084/O1CN013LmH5K2GyWS98mHv6_!!0-item_pic.jpg,2299.0,375, ipad,江苏 南京
//g-search2.alicdn.com/img/bao/uploaded/i4/i2/21681732/O1CN01rzNhEl1OfIZp3L7TT_!!21681732.jpg,5268.0,378, iPad,北京
//g-search3.alicdn.com/img/bao/uploaded/i4/i4/3461286402/O1CN01y8xp7u1xAACOG4z6O_!!0-item_pic.jpg,2299.0,444, ipad,广东 广州
//g-search3.alicdn.com/img/bao/uploaded/i4/i1/3718743885/O1CN0177SXtL1eZNIuBusKc_!!0-item_pic.jpg,2399.0,349, ipad,江苏 苏州
//g-search3.alicdn.com/img/bao/uploaded/i4/i1/100340983/O1CN01rTnsjy1J8FvNoE3cU_!!100340983.jpg,4618.0,244, iPad,广东 深圳
//g-search1.alicdn.com/img/bao/uploaded/i4/i1/3015936477/O1CN01EOicQD1xiVuPAV0rS_!!0-item_pic.jpg,1329.0,1678, iPad,浙江 杭州
//g-search3.alicdn.com/img/bao/uploaded/i4/i2/3120180028/O1CN01vSJyxC1C4rg55z0R7_!!3120180028.png,2450.0,152, iPad,广东 深圳
//g-search2.alicdn.com/img/bao/uploaded/i4/i3/2711014365/O1CN01PAMyIj1i7DPy6LbgG_!!0-item_pic.jpg,2499.0,307, ipad,广东 深圳
//g-search3.alicdn.com/img/bao/uploaded/i4/i3/713805254/O1CN01HVr6LC1ogNVzOJk57_!!0-item_pic.jpg,2699.0,5, iPad ipad,北京
//g-search2.alicdn.com/img/bao/uploaded/i4/i3/3261336459/O1CN011H5Kp11xaGmMr5Z1I_!!0-item_pic.jpg,1329.0,1797, ipad,广东 广州
//g-search3.alicdn.com/img/bao/uploaded/i4/i4/1669409267/O1CNA1zqNX9o100bdc8e279f0b1b17e1000f_!!1669409267-0-picassodesign.jpg,2499.0,2308, iPad ipad ipad,浙江 杭州
//g-search3.alicdn.com/img/bao/uploaded/i4/i2/97045700/O1CN01PJIBJI1ryeA74LLYc_!!97045700.jpg,3468.0,1346, iPad iPad,广东 深圳
//g-search1.alicdn.com/img/bao/uploaded/i4/i1/2258958427/O1CN01XGciXO2C7cEnuYn7D_!!0-item_pic.jpg,2299.0,214, ipad,广东 深圳
//g-search3.alicdn.com/img/bao/uploaded/i4/i3/2200724907121/O1CN01jeTzit22TSyYKUl76_!!0-item_pic.jpg,6229.0,44, iPad,广东 深圳
//g-search2.alicdn.com/img/bao/uploaded/i4/i2/684987812/O1CN01Gzb2xu27Zwdqol92z_!!684987812.jpg,2200.0,1023, iPad iPad iPad,广东 深圳
//g-search2.alicdn.com/img/bao/uploaded/i4/i4/3629632695/O1CN01keTQdu1VmLz1spz9V_!!2-item_pic.png,2399.0,263, ipad,上海
//g-search3.alicdn.com/img/bao/uploaded/i4/i1/3339867181/O1CN01oFL1fo22uwjzJbeST_!!3339867181-0-pixelsss.jpg,2668.0,103, iPad,江苏 无锡
//g-search2.alicdn.com/img/bao/uploaded/i4/i4/100340983/O1CN01MTD4Rq1J8Fv43uggT_!!100340983.jpg,2798.0,1725, iPad ipad,广东 深圳
//g-search3.alicdn.com/img/bao/uploaded/i4/i3/833018678/O1CN018iJWAr2DyZeIEpndy_!!833018678.png,5976.0,251, iPad,上海
//g-search3.alicdn.com/img/bao/uploaded/i4/i2/2258958427/O1CN01h033Nn2C7cEmhDh26_!!0-item_pic.jpg,1799.0,84, ipad,广东 深圳
//g-search3.alicdn.com/img/bao/uploaded/i4/i4/2202421911399/O1CN01dSWw8b1MCmgYvFAJv_!!2-item_pic.png,3868.0,186, iPad ipad,上海
//g-search3.alicdn.com/img/bao/uploaded/i4/i4/898225/O1CN011FBmYq2Ad6ERPNLJE_!!898225.jpg,5278.0,226, iPad,北京
//g-search2.alicdn.com/img/bao/uploaded/i4/i1/20543624/O1CN01wnUoT41cdpvsKPoyP_!!20543624.jpg,5188.0,310, iPad,广东 深圳
//g-search3.alicdn.com/img/bao/uploaded/i4/i2/1133324805/O1CN019y6pks1lMjg5dzj7j_!!1133324805.jpg,2858.0,385, iPad iPad,北京
//g-search3.alicdn.com/img/bao/uploaded/i4/i2/2206537351515/O1CN01XBlus81N3udBJlxnO_!!0-item_pic.jpg,1188.0,1463, ipad,广东 深圳
//g-search3.alicdn.com/img/bao/uploaded/i4/i1/1014071849/O1CN017YcBVu1PWsudcJlJn_!!0-item_pic.jpg,1188.0,509, ipad,广东 深圳
//g-search2.alicdn.com/img/bao/uploaded/i4/i2/55285307/O1CN01x5Wywz1p4eVq6V3SN_!!55285307.jpg,6010.0,146, iPad,浙江 杭州
//g-search2.alicdn.com/img/bao/uploaded/i4/i4/2206450649613/O1CN01j4Dn952Ksny3KZ0W4_!!0-item_pic.jpg,1188.0,283, ipad,广东 深圳
//g-search1.alicdn.com/img/bao/uploaded/i4/i4/1683498550/O1CN01jHpj4l2D1wxBnxbnr_!!0-item_pic.jpg,1299.0,711, ipad,广东 深圳
//g-search1.alicdn.com/img/bao/uploaded/i4/imgextra/i3/341520105/O1CN01T2lUX71Ce8B7UOL3F_!!0-saturn_solar.jpg,2488.0,359,,广东 深圳
//g-search3.alicdn.com/img/bao/uploaded/i4/i1/2201811578450/O1CN012MxMtT2CI9LPIDh7w_!!0-item_pic.jpg,298.0,7000+, iPad,广东 深圳
//g-search3.alicdn.com/img/bao/uploaded/i4/i2/2200784971113/O1CN01P2WZ3d1K5nPXomlyu_!!0-item_pic.jpg,298.0,2.5万+, ipad,广东 深圳
//g-search1.alicdn.com/img/bao/uploaded/i4/i4/1917047079/O1CN0173MkIc22AEL1yuat8_!!2-item_pic.png,6229.0,, iPad,上海
//g-search2.alicdn.com/img/bao/uploaded/i4/i4/1917047079/O1CN01VAYJpZ22AEJuJRCQv_!!0-item_pic.jpg,3896.0,, iPad,上海
//g-search3.alicdn.com/img/bao/uploaded/i4/i3/858042828/O1CN01qcmV8S1WlGf73vAst_!!0-item_pic.jpg,3299.0,3687, ipad,北京
//g-search3.alicdn.com/img/bao/uploaded/i4/i1/1115488308/O1CN0128F2eG2BF76bzAvpd_!!0-item_pic.jpg,2458.0,517, iPad iPad ipad iPad ipad,浙江 杭州
//g-search3.alicdn.com/img/bao/uploaded/i4/i1/197232874/O1CN01RtQleT1X6KsoXSZa3_!!0-item_pic.jpg,3139.0,844, iPad iPad,浙江 杭州
//g-search3.alicdn.com/img/bao/uploaded/i4/i2/858042828/O1CN014OajK51WlGfLKQqcF_!!0-item_pic.jpg,2399.01,1469, ipad,北京
//g-search1.alicdn.com/img/bao/uploaded/i4/i2/2711014365/O1CN01m0aof71i7DQ0q1mnL_!!0-item_pic.jpg,3299.0,1162, ipad,广东 深圳
//g-search3.alicdn.com/img/bao/uploaded/i4/i3/1683498550/O1CN010XQxHr2D1wwnhVxkp_!!0-item_pic.jpg,2299.0,1301, ipad,广东 深圳
//g-search2.alicdn.com/img/bao/uploaded/i4/i1/385131841/O1CN01Q8FoWb1PTDkUxFoXi_!!0-item_pic.jpg,3299.0,1443, ipad,广东 广州
//g-search3.alicdn.com/img/bao/uploaded/i4/i1/3461286402/O1CN01RrEt3u1xAACCRXyt1_!!0-item_pic.jpg,3299.0,1028, ipad,广东 广州
//g-search2.alicdn.com/img/bao/uploaded/i4/i1/385131841/O1CN01gfNxH21PTDkU1MJoO_!!0-item_pic.jpg,1799.0,394, ipad,广东 广州
//g-search3.alicdn.com/img/bao/uploaded/i4/i4/3394933058/O1CN01wVmVyO1YSbl9U6NdR_!!0-item_pic.jpg,2499.0,374, ipad,广东 深圳
//g-search3.alicdn.com/img/bao/uploaded/i4/i4/2202421911399/O1CN01tUMRJm1MCmgafqp06_!!2-item_pic.png,2499.0,1435, iPad ipad ipad,上海
//g-search1.alicdn.com/img/bao/uploaded/i4/i4/3461286402/O1CN01y8xp7u1xAACOG4z6O_!!0-item_pic.jpg,2299.0,444, ipad,广东 广州
//g-search3.alicdn.com/img/bao/uploaded/i4/i4/97045700/O1CN016RgifV1rye9mqj6CZ_!!97045700.jpg,2168.0,4624, iPad iPad iPad,广东 深圳
//g-search1.alicdn.com/img/bao/uploaded/i4/i1/2200719164073/O1CN01t6cCGF1fxTlePOmD2_!!0-item_pic.jpg,7699.0,168, iPad,浙江 杭州
//g-search2.alicdn.com/img/bao/uploaded/i4/i1/1669409267/O1CN01K4146j2IKKvrx6cfi_!!0-item_pic.jpg,6429.0,537, iPad,浙江 杭州
//g-search3.alicdn.com/img/bao/uploaded/i4/i2/3120180028/O1CN01vSJyxC1C4rg55z0R7_!!3120180028.png,2450.0,152, iPad,广东 深圳
//g-search2.alicdn.com/img/bao/uploaded/i4/i4/3102539084/O1CN013LmH5K2GyWS98mHv6_!!0-item_pic.jpg,2299.0,375, ipad,江苏 南京
//g-search3.alicdn.com/img/bao/uploaded/i4/i2/21681732/O1CN01rzNhEl1OfIZp3L7TT_!!21681732.jpg,5268.0,378, iPad,北京
//g-search2.alicdn.com/img/bao/uploaded/i4/i1/3718743885/O1CN0177SXtL1eZNIuBusKc_!!0-item_pic.jpg,2399.0,349, ipad,江苏 苏州
//g-search1.alicdn.com/img/bao/uploaded/i4/i1/3015936477/O1CN01EOicQD1xiVuPAV0rS_!!0-item_pic.jpg,1329.0,1678, iPad,浙江 杭州
//g-search3.alicdn.com/img/bao/uploaded/i4/i1/100340983/O1CN01rTnsjy1J8FvNoE3cU_!!100340983.jpg,4618.0,244, iPad,广东 深圳
//g-search1.alicdn.com/img/bao/uploaded/i4/i3/2711014365/O1CN01PAMyIj1i7DPy6LbgG_!!0-item_pic.jpg,2499.0,307, ipad,广东 深圳
//g-search2.alicdn.com/img/bao/uploaded/i4/i2/97045700/O1CN01PJIBJI1ryeA74LLYc_!!97045700.jpg,3468.0,1346, iPad iPad,广东 深圳
//g-search3.alicdn.com/img/bao/uploaded/i4/i3/713805254/O1CN01HVr6LC1ogNVzOJk57_!!0-item_pic.jpg,2699.0,5, iPad ipad,北京
//g-search2.alicdn.com/img/bao/uploaded/i4/i3/3261336459/O1CN011H5Kp11xaGmMr5Z1I_!!0-item_pic.jpg,1329.0,1797, ipad,广东 广州
//g-search1.alicdn.com/img/bao/uploaded/i4/i3/2200724907121/O1CN01jeTzit22TSyYKUl76_!!0-item_pic.jpg,6229.0,44, iPad,广东 深圳
//g-search2.alicdn.com/img/bao/uploaded/i4/i4/1669409267/O1CNA1zqNX9o100bdc8e279f0b1b17e1000f_!!1669409267-0-picassodesign.jpg,2499.0,2308, iPad ipad ipad,浙江 杭州
//g-search2.alicdn.com/img/bao/uploaded/i4/i1/2258958427/O1CN01XGciXO2C7cEnuYn7D_!!0-item_pic.jpg,2299.0,214, ipad,广东 深圳
//g-search2.alicdn.com/img/bao/uploaded/i4/i2/684987812/O1CN01Gzb2xu27Zwdqol92z_!!684987812.jpg,2200.0,1023, iPad iPad iPad,广东 深圳
//g-search2.alicdn.com/img/bao/uploaded/i4/i3/833018678/O1CN018iJWAr2DyZeIEpndy_!!833018678.png,5976.0,251, iPad,上海
//g-search3.alicdn.com/img/bao/uploaded/i4/i4/3629632695/O1CN01keTQdu1VmLz1spz9V_!!2-item_pic.png,2399.0,263, ipad,上海
//g-search3.alicdn.com/img/bao/uploaded/i4/i4/100340983/O1CN01MTD4Rq1J8Fv43uggT_!!100340983.jpg,2798.0,1725, iPad ipad,广东 深圳
//g-search2.alicdn.com/img/bao/uploaded/i4/i1/3339867181/O1CN01oFL1fo22uwjzJbeST_!!3339867181-0-pixelsss.jpg,2668.0,103, iPad,江苏 无锡
//g-search2.alicdn.com/img/bao/uploaded/i4/i2/1133324805/O1CN019y6pks1lMjg5dzj7j_!!1133324805.jpg,2858.0,385, iPad iPad,北京
//g-search3.alicdn.com/img/bao/uploaded/i4/i4/2202421911399/O1CN01dSWw8b1MCmgYvFAJv_!!2-item_pic.png,3868.0,186, iPad ipad,上海
//g-search3.alicdn.com/img/bao/uploaded/i4/i4/898225/O1CN011FBmYq2Ad6ERPNLJE_!!898225.jpg,5278.0,226, iPad,北京
//g-search3.alicdn.com/img/bao/uploaded/i4/i2/2258958427/O1CN01h033Nn2C7cEmhDh26_!!0-item_pic.jpg,1799.0,84, ipad,广东 深圳
//g-search3.alicdn.com/img/bao/uploaded/i4/i1/20543624/O1CN01wnUoT41cdpvsKPoyP_!!20543624.jpg,5188.0,310, iPad,广东 深圳
//g-search2.alicdn.com/img/bao/uploaded/i4/i2/2206537351515/O1CN01XBlus81N3udBJlxnO_!!0-item_pic.jpg,1188.0,1463, ipad,广东 深圳
//g-search1.alicdn.com/img/bao/uploaded/i4/i1/1014071849/O1CN017YcBVu1PWsudcJlJn_!!0-item_pic.jpg,1188.0,509, ipad,广东 深圳
//g-search1.alicdn.com/img/bao/uploaded/i4/i2/55285307/O1CN01x5Wywz1p4eVq6V3SN_!!55285307.jpg,6010.0,146, iPad,浙江 杭州
//g-search3.alicdn.com/img/bao/uploaded/i4/i4/2206450649613/O1CN01j4Dn952Ksny3KZ0W4_!!0-item_pic.jpg,1188.0,283, ipad,广东 深圳
//g-search2.alicdn.com/img/bao/uploaded/i4/i4/1683498550/O1CN01jHpj4l2D1wxBnxbnr_!!0-item_pic.jpg,1299.0,711, ipad,广东 深圳
